"Time","glucose"
-0.166666666666667,3.49285714285714
0,3.46428571428571
0.333333333333333,4.83571428571429
0.666666666666667,6.23571428571429
1,6.84285714285714
1.33333333333333,5.55
1.66666666666667,4.28571428571429
2,3.97142857142857
2.5,4.05
3,3.99285714285714
3.5,3.53571428571429
4,3.46428571428571
4.5,3.53571428571429
5,3.62142857142857
